matriz,linhas,colunas,densidade,versao,threads,repeticao,objetos,tempo_us
caso12_12,12,12,-,sequencial,0,1,7,4.2
caso12_12,12,12,-,paralelo,1,1,7,126.6
caso12_12,12,12,-,paralelo,2,1,7,285.9
caso12_12,12,12,-,paralelo,4,1,7,155.1
caso12_12,12,12,-,paralelo,8,1,7,299.3
caso12_12,12,12,-,sequencial,0,2,7,3.5
caso12_12,12,12,-,paralelo,1,2,7,83.2
caso12_12,12,12,-,paralelo,2,2,7,233.1
caso12_12,12,12,-,paralelo,4,2,7,168.6
caso12_12,12,12,-,paralelo,8,2,7,271.9
caso12_12,12,12,-,sequencial,0,3,7,3.4
caso12_12,12,12,-,paralelo,1,3,7,121.0
caso12_12,12,12,-,paralelo,2,3,7,101.6
caso12_12,12,12,-,paralelo,4,3,7,126.3
caso12_12,12,12,-,paralelo,8,3,7,290.4
caso12_12,12,12,-,sequencial,0,4,7,3.6
caso12_12,12,12,-,paralelo,1,4,7,69.2
caso12_12,12,12,-,paralelo,2,4,7,97.5
caso12_12,12,12,-,paralelo,4,4,7,131.4
caso12_12,12,12,-,paralelo,8,4,7,342.6
caso12_12,12,12,-,sequencial,0,5,7,3.5
caso12_12,12,12,-,paralelo,1,5,7,69.0
caso12_12,12,12,-,paralelo,2,5,7,86.8
caso12_12,12,12,-,paralelo,4,5,7,186.4
caso12_12,12,12,-,paralelo,8,5,7,238.0
caso12_12,12,12,-,sequencial,0,6,7,3.5
caso12_12,12,12,-,paralelo,1,6,7,69.2
caso12_12,12,12,-,paralelo,2,6,7,85.7
caso12_12,12,12,-,paralelo,4,6,7,131.5
caso12_12,12,12,-,paralelo,8,6,7,278.3
caso12_12,12,12,-,sequencial,0,7,7,4.2
caso12_12,12,12,-,paralelo,1,7,7,131.4
caso12_12,12,12,-,paralelo,2,7,7,116.1
caso12_12,12,12,-,paralelo,4,7,7,124.4
caso12_12,12,12,-,paralelo,8,7,7,306.4
caso12_12,12,12,-,sequencial,0,8,7,3.9
caso12_12,12,12,-,paralelo,1,8,7,61.8
caso12_12,12,12,-,paralelo,2,8,7,84.4
caso12_12,12,12,-,paralelo,4,8,7,120.1
caso12_12,12,12,-,paralelo,8,8,7,271.4
caso12_12,12,12,-,sequencial,0,9,7,3.6
caso12_12,12,12,-,paralelo,1,9,7,67.2
caso12_12,12,12,-,paralelo,2,9,7,83.6
caso12_12,12,12,-,paralelo,4,9,7,166.6
caso12_12,12,12,-,paralelo,8,9,7,314.5
caso12_12,12,12,-,sequencial,0,10,7,3.7
caso12_12,12,12,-,paralelo,1,10,7,68.8
caso12_12,12,12,-,paralelo,2,10,7,85.7
caso12_12,12,12,-,paralelo,4,10,7,126.6
caso12_12,12,12,-,paralelo,8,10,7,299.2
caso5_5,5,5,-,sequencial,0,1,3,1.2
caso5_5,5,5,-,paralelo,1,1,3,67.6
caso5_5,5,5,-,paralelo,2,1,3,77.8
caso5_5,5,5,-,paralelo,4,1,3,148.3
caso5_5,5,5,-,paralelo,8,1,3,166.7
caso5_5,5,5,-,sequencial,0,2,3,1.2
caso5_5,5,5,-,paralelo,1,2,3,70.9
caso5_5,5,5,-,paralelo,2,2,3,87.0
caso5_5,5,5,-,paralelo,4,2,3,117.6
caso5_5,5,5,-,paralelo,8,2,3,218.1
caso5_5,5,5,-,sequencial,0,3,3,1.2
caso5_5,5,5,-,paralelo,1,3,3,63.8
caso5_5,5,5,-,paralelo,2,3,3,117.8
caso5_5,5,5,-,paralelo,4,3,3,145.2
caso5_5,5,5,-,paralelo,8,3,3,441.6
caso5_5,5,5,-,sequencial,0,4,3,1.2
caso5_5,5,5,-,paralelo,1,4,3,82.4
caso5_5,5,5,-,paralelo,2,4,3,85.7
caso5_5,5,5,-,paralelo,4,4,3,197.9
caso5_5,5,5,-,paralelo,8,4,3,209.0
caso5_5,5,5,-,sequencial,0,5,3,1.2
caso5_5,5,5,-,paralelo,1,5,3,63.0
caso5_5,5,5,-,paralelo,2,5,3,111.0
caso5_5,5,5,-,paralelo,4,5,3,116.4
caso5_5,5,5,-,paralelo,8,5,3,164.1
caso5_5,5,5,-,sequencial,0,6,3,1.3
caso5_5,5,5,-,paralelo,1,6,3,65.0
caso5_5,5,5,-,paralelo,2,6,3,139.1
caso5_5,5,5,-,paralelo,4,6,3,127.2
caso5_5,5,5,-,paralelo,8,6,3,271.2
caso5_5,5,5,-,sequencial,0,7,3,1.2
caso5_5,5,5,-,paralelo,1,7,3,69.2
caso5_5,5,5,-,paralelo,2,7,3,119.7
caso5_5,5,5,-,paralelo,4,7,3,205.1
caso5_5,5,5,-,paralelo,8,7,3,296.8
caso5_5,5,5,-,sequencial,0,8,3,1.3
caso5_5,5,5,-,paralelo,1,8,3,59.2
caso5_5,5,5,-,paralelo,2,8,3,88.5
caso5_5,5,5,-,paralelo,4,8,3,142.4
caso5_5,5,5,-,paralelo,8,8,3,179.3
caso5_5,5,5,-,sequencial,0,9,3,1.5
caso5_5,5,5,-,paralelo,1,9,3,85.3
caso5_5,5,5,-,paralelo,2,9,3,105.9
caso5_5,5,5,-,paralelo,4,9,3,132.2
caso5_5,5,5,-,paralelo,8,9,3,156.2
caso5_5,5,5,-,sequencial,0,10,3,1.2
caso5_5,5,5,-,paralelo,1,10,3,102.2
caso5_5,5,5,-,paralelo,2,10,3,115.4
caso5_5,5,5,-,paralelo,4,10,3,139.3
caso5_5,5,5,-,paralelo,8,10,3,305.0
caso6_8,6,8,-,sequencial,0,1,4,2.5
caso6_8,6,8,-,paralelo,1,1,4,67.9
caso6_8,6,8,-,paralelo,2,1,4,94.3
caso6_8,6,8,-,paralelo,4,1,4,152.7
caso6_8,6,8,-,paralelo,8,1,4,214.0
caso6_8,6,8,-,sequencial,0,2,4,2.4
caso6_8,6,8,-,paralelo,1,2,4,65.8
caso6_8,6,8,-,paralelo,2,2,4,86.8
caso6_8,6,8,-,paralelo,4,2,4,131.1
caso6_8,6,8,-,paralelo,8,2,4,304.0
caso6_8,6,8,-,sequencial,0,3,4,2.5
caso6_8,6,8,-,paralelo,1,3,4,67.5
caso6_8,6,8,-,paralelo,2,3,4,92.2
caso6_8,6,8,-,paralelo,4,3,4,124.7
caso6_8,6,8,-,paralelo,8,3,4,243.3
caso6_8,6,8,-,sequencial,0,4,4,2.5
caso6_8,6,8,-,paralelo,1,4,4,83.2
caso6_8,6,8,-,paralelo,2,4,4,140.3
caso6_8,6,8,-,paralelo,4,4,4,125.4
caso6_8,6,8,-,paralelo,8,4,4,261.7
caso6_8,6,8,-,sequencial,0,5,4,2.5
caso6_8,6,8,-,paralelo,1,5,4,71.3
caso6_8,6,8,-,paralelo,2,5,4,79.5
caso6_8,6,8,-,paralelo,4,5,4,121.0
caso6_8,6,8,-,paralelo,8,5,4,281.9
caso6_8,6,8,-,sequencial,0,6,4,2.5
caso6_8,6,8,-,paralelo,1,6,4,71.5
caso6_8,6,8,-,paralelo,2,6,4,87.3
caso6_8,6,8,-,paralelo,4,6,4,130.3
caso6_8,6,8,-,paralelo,8,6,4,393.0
caso6_8,6,8,-,sequencial,0,7,4,2.5
caso6_8,6,8,-,paralelo,1,7,4,71.8
caso6_8,6,8,-,paralelo,2,7,4,79.7
caso6_8,6,8,-,paralelo,4,7,4,128.4
caso6_8,6,8,-,paralelo,8,7,4,333.6
caso6_8,6,8,-,sequencial,0,8,4,2.3
caso6_8,6,8,-,paralelo,1,8,4,84.1
caso6_8,6,8,-,paralelo,2,8,4,83.7
caso6_8,6,8,-,paralelo,4,8,4,241.1
caso6_8,6,8,-,paralelo,8,8,4,318.0
caso6_8,6,8,-,sequencial,0,9,4,2.5
caso6_8,6,8,-,paralelo,1,9,4,64.5
caso6_8,6,8,-,paralelo,2,9,4,80.5
caso6_8,6,8,-,paralelo,4,9,4,160.5
caso6_8,6,8,-,paralelo,8,9,4,198.5
caso6_8,6,8,-,sequencial,0,10,4,2.4
caso6_8,6,8,-,paralelo,1,10,4,71.3
caso6_8,6,8,-,paralelo,2,10,4,149.8
caso6_8,6,8,-,paralelo,4,10,4,129.8
caso6_8,6,8,-,paralelo,8,10,4,401.8
caso8_8,8,8,-,sequencial,0,1,5,2.1
caso8_8,8,8,-,paralelo,1,1,5,76.8
caso8_8,8,8,-,paralelo,2,1,5,114.7
caso8_8,8,8,-,paralelo,4,1,5,128.8
caso8_8,8,8,-,paralelo,8,1,5,380.1
caso8_8,8,8,-,sequencial,0,2,5,2.2
caso8_8,8,8,-,paralelo,1,2,5,68.5
caso8_8,8,8,-,paralelo,2,2,5,89.9
caso8_8,8,8,-,paralelo,4,2,5,130.4
caso8_8,8,8,-,paralelo,8,2,5,377.6
caso8_8,8,8,-,sequencial,0,3,5,2.3
caso8_8,8,8,-,paralelo,1,3,5,103.4
caso8_8,8,8,-,paralelo,2,3,5,87.1
caso8_8,8,8,-,paralelo,4,3,5,134.0
caso8_8,8,8,-,paralelo,8,3,5,262.8
caso8_8,8,8,-,sequencial,0,4,5,2.4
caso8_8,8,8,-,paralelo,1,4,5,138.5
caso8_8,8,8,-,paralelo,2,4,5,116.3
caso8_8,8,8,-,paralelo,4,4,5,129.0
caso8_8,8,8,-,paralelo,8,4,5,260.1
caso8_8,8,8,-,sequencial,0,5,5,2.2
caso8_8,8,8,-,paralelo,1,5,5,67.3
caso8_8,8,8,-,paralelo,2,5,5,81.8
caso8_8,8,8,-,paralelo,4,5,5,229.6
caso8_8,8,8,-,paralelo,8,5,5,252.2
caso8_8,8,8,-,sequencial,0,6,5,2.4
caso8_8,8,8,-,paralelo,1,6,5,67.7
caso8_8,8,8,-,paralelo,2,6,5,79.8
caso8_8,8,8,-,paralelo,4,6,5,128.3
caso8_8,8,8,-,paralelo,8,6,5,389.2
caso8_8,8,8,-,sequencial,0,7,5,2.5
caso8_8,8,8,-,paralelo,1,7,5,98.9
caso8_8,8,8,-,paralelo,2,7,5,90.5
caso8_8,8,8,-,paralelo,4,7,5,192.4
caso8_8,8,8,-,paralelo,8,7,5,285.5
caso8_8,8,8,-,sequencial,0,8,5,2.1
caso8_8,8,8,-,paralelo,1,8,5,61.5
caso8_8,8,8,-,paralelo,2,8,5,121.5
caso8_8,8,8,-,paralelo,4,8,5,118.1
caso8_8,8,8,-,paralelo,8,8,5,259.7
caso8_8,8,8,-,sequencial,0,9,5,2.2
caso8_8,8,8,-,paralelo,1,9,5,374.9
caso8_8,8,8,-,paralelo,2,9,5,120.0
caso8_8,8,8,-,paralelo,4,9,5,213.5
caso8_8,8,8,-,paralelo,8,9,5,328.9
caso8_8,8,8,-,sequencial,0,10,5,2.1
caso8_8,8,8,-,paralelo,1,10,5,61.5
caso8_8,8,8,-,paralelo,2,10,5,84.2
caso8_8,8,8,-,paralelo,4,10,5,215.5
caso8_8,8,8,-,paralelo,8,10,5,250.7
caso9_12,9,12,-,sequencial,0,1,6,3.1
caso9_12,9,12,-,paralelo,1,1,6,90.8
caso9_12,9,12,-,paralelo,2,1,6,82.5
caso9_12,9,12,-,paralelo,4,1,6,277.0
caso9_12,9,12,-,paralelo,8,1,6,310.6
caso9_12,9,12,-,sequencial,0,2,6,3.2
caso9_12,9,12,-,paralelo,1,2,6,62.8
caso9_12,9,12,-,paralelo,2,2,6,77.7
caso9_12,9,12,-,paralelo,4,2,6,167.2
caso9_12,9,12,-,paralelo,8,2,6,273.5
caso9_12,9,12,-,sequencial,0,3,6,3.6
caso9_12,9,12,-,paralelo,1,3,6,87.5
caso9_12,9,12,-,paralelo,2,3,6,88.5
caso9_12,9,12,-,paralelo,4,3,6,180.7
caso9_12,9,12,-,paralelo,8,3,6,290.9
caso9_12,9,12,-,sequencial,0,4,6,3.3
caso9_12,9,12,-,paralelo,1,4,6,80.6
caso9_12,9,12,-,paralelo,2,4,6,99.4
caso9_12,9,12,-,paralelo,4,4,6,128.4
caso9_12,9,12,-,paralelo,8,4,6,341.6
caso9_12,9,12,-,sequencial,0,5,6,3.5
caso9_12,9,12,-,paralelo,1,5,6,69.2
caso9_12,9,12,-,paralelo,2,5,6,85.7
caso9_12,9,12,-,paralelo,4,5,6,141.5
caso9_12,9,12,-,paralelo,8,5,6,275.6
caso9_12,9,12,-,sequencial,0,6,6,3.0
caso9_12,9,12,-,paralelo,1,6,6,68.6
caso9_12,9,12,-,paralelo,2,6,6,86.3
caso9_12,9,12,-,paralelo,4,6,6,126.4
caso9_12,9,12,-,paralelo,8,6,6,241.5
caso9_12,9,12,-,sequencial,0,7,6,3.4
caso9_12,9,12,-,paralelo,1,7,6,68.5
caso9_12,9,12,-,paralelo,2,7,6,74.8
caso9_12,9,12,-,paralelo,4,7,6,166.1
caso9_12,9,12,-,paralelo,8,7,6,385.8
caso9_12,9,12,-,sequencial,0,8,6,3.2
caso9_12,9,12,-,paralelo,1,8,6,75.0
caso9_12,9,12,-,paralelo,2,8,6,140.0
caso9_12,9,12,-,paralelo,4,8,6,146.8
caso9_12,9,12,-,paralelo,8,8,6,243.8
caso9_12,9,12,-,sequencial,0,9,6,3.2
caso9_12,9,12,-,paralelo,1,9,6,60.8
caso9_12,9,12,-,paralelo,2,9,6,156.5
caso9_12,9,12,-,paralelo,4,9,6,127.7
caso9_12,9,12,-,paralelo,8,9,6,244.7
caso9_12,9,12,-,sequencial,0,10,6,3.7
caso9_12,9,12,-,paralelo,1,10,6,151.5
caso9_12,9,12,-,paralelo,2,10,6,120.5
caso9_12,9,12,-,paralelo,4,10,6,168.1
caso9_12,9,12,-,paralelo,8,10,6,467.5
m1000_d30,1000,1000,30,sequencial,0,1,47260,20232.2
m1000_d30,1000,1000,30,paralelo,1,1,47260,20448.7
m1000_d30,1000,1000,30,paralelo,2,1,47260,11626.6
m1000_d30,1000,1000,30,paralelo,4,1,47260,14663.4
m1000_d30,1000,1000,30,paralelo,8,1,47260,11756.9
m1000_d30,1000,1000,30,sequencial,0,2,47260,20421.8
m1000_d30,1000,1000,30,paralelo,1,2,47260,27086.7
m1000_d30,1000,1000,30,paralelo,2,2,47260,12146.0
m1000_d30,1000,1000,30,paralelo,4,2,47260,14200.2
m1000_d30,1000,1000,30,paralelo,8,2,47260,13061.7
m1000_d30,1000,1000,30,sequencial,0,3,47260,21224.5
m1000_d30,1000,1000,30,paralelo,1,3,47260,20503.5
m1000_d30,1000,1000,30,paralelo,2,3,47260,11272.9
m1000_d30,1000,1000,30,paralelo,4,3,47260,15169.3
m1000_d30,1000,1000,30,paralelo,8,3,47260,12864.6
m1000_d30,1000,1000,30,sequencial,0,4,47260,19476.0
m1000_d30,1000,1000,30,paralelo,1,4,47260,19961.5
m1000_d30,1000,1000,30,paralelo,2,4,47260,10388.2
m1000_d30,1000,1000,30,paralelo,4,4,47260,13672.8
m1000_d30,1000,1000,30,paralelo,8,4,47260,16191.2
m1000_d30,1000,1000,30,sequencial,0,5,47260,19919.3
m1000_d30,1000,1000,30,paralelo,1,5,47260,20532.2
m1000_d30,1000,1000,30,paralelo,2,5,47260,10407.6
m1000_d30,1000,1000,30,paralelo,4,5,47260,10938.1
m1000_d30,1000,1000,30,paralelo,8,5,47260,11058.0
m1000_d30,1000,1000,30,sequencial,0,6,47260,20074.8
m1000_d30,1000,1000,30,paralelo,1,6,47260,20913.8
m1000_d30,1000,1000,30,paralelo,2,6,47260,10782.6
m1000_d30,1000,1000,30,paralelo,4,6,47260,11149.7
m1000_d30,1000,1000,30,paralelo,8,6,47260,13000.2
m1000_d30,1000,1000,30,sequencial,0,7,47260,19472.7
m1000_d30,1000,1000,30,paralelo,1,7,47260,27591.2
m1000_d30,1000,1000,30,paralelo,2,7,47260,10805.1
m1000_d30,1000,1000,30,paralelo,4,7,47260,11108.3
m1000_d30,1000,1000,30,paralelo,8,7,47260,13617.7
m1000_d30,1000,1000,30,sequencial,0,8,47260,19875.1
m1000_d30,1000,1000,30,paralelo,1,8,47260,21161.5
m1000_d30,1000,1000,30,paralelo,2,8,47260,12894.2
m1000_d30,1000,1000,30,paralelo,4,8,47260,15009.9
m1000_d30,1000,1000,30,paralelo,8,8,47260,14054.1
m1000_d30,1000,1000,30,sequencial,0,9,47260,19413.0
m1000_d30,1000,1000,30,paralelo,1,9,47260,21282.2
m1000_d30,1000,1000,30,paralelo,2,9,47260,21833.4
m1000_d30,1000,1000,30,paralelo,4,9,47260,15217.4
m1000_d30,1000,1000,30,paralelo,8,9,47260,13550.3
m1000_d30,1000,1000,30,sequencial,0,10,47260,22132.4
m1000_d30,1000,1000,30,paralelo,1,10,47260,21507.1
m1000_d30,1000,1000,30,paralelo,2,10,47260,10676.0
m1000_d30,1000,1000,30,paralelo,4,10,47260,14476.1
m1000_d30,1000,1000,30,paralelo,8,10,47260,12024.2
m1000_d60,1000,1000,60,sequencial,0,1,556,49321.1
m1000_d60,1000,1000,60,paralelo,1,1,556,52649.5
m1000_d60,1000,1000,60,paralelo,2,1,556,27869.5
m1000_d60,1000,1000,60,paralelo,4,1,556,31174.2
m1000_d60,1000,1000,60,paralelo,8,1,556,31376.7
m1000_d60,1000,1000,60,sequencial,0,2,556,53790.0
m1000_d60,1000,1000,60,paralelo,1,2,556,53950.5
m1000_d60,1000,1000,60,paralelo,2,2,556,36170.9
m1000_d60,1000,1000,60,paralelo,4,2,556,30890.5
m1000_d60,1000,1000,60,paralelo,8,2,556,38469.9
m1000_d60,1000,1000,60,sequencial,0,3,556,51464.6
m1000_d60,1000,1000,60,paralelo,1,3,556,50143.7
m1000_d60,1000,1000,60,paralelo,2,3,556,26616.6
m1000_d60,1000,1000,60,paralelo,4,3,556,26838.9
m1000_d60,1000,1000,60,paralelo,8,3,556,26112.7
m1000_d60,1000,1000,60,sequencial,0,4,556,50241.6
m1000_d60,1000,1000,60,paralelo,1,4,556,48624.3
m1000_d60,1000,1000,60,paralelo,2,4,556,27863.0
m1000_d60,1000,1000,60,paralelo,4,4,556,28192.7
m1000_d60,1000,1000,60,paralelo,8,4,556,27186.0
m1000_d60,1000,1000,60,sequencial,0,5,556,50972.4
m1000_d60,1000,1000,60,paralelo,1,5,556,48801.4
m1000_d60,1000,1000,60,paralelo,2,5,556,25019.4
m1000_d60,1000,1000,60,paralelo,4,5,556,29584.3
m1000_d60,1000,1000,60,paralelo,8,5,556,28517.4
m1000_d60,1000,1000,60,sequencial,0,6,556,48895.2
m1000_d60,1000,1000,60,paralelo,1,6,556,54014.5
m1000_d60,1000,1000,60,paralelo,2,6,556,25464.6
m1000_d60,1000,1000,60,paralelo,4,6,556,28916.9
m1000_d60,1000,1000,60,paralelo,8,6,556,29896.1
m1000_d60,1000,1000,60,sequencial,0,7,556,48475.2
m1000_d60,1000,1000,60,paralelo,1,7,556,49889.1
m1000_d60,1000,1000,60,paralelo,2,7,556,24650.1
m1000_d60,1000,1000,60,paralelo,4,7,556,29839.1
m1000_d60,1000,1000,60,paralelo,8,7,556,25520.0
m1000_d60,1000,1000,60,sequencial,0,8,556,48752.9
m1000_d60,1000,1000,60,paralelo,1,8,556,49814.5
m1000_d60,1000,1000,60,paralelo,2,8,556,30844.4
m1000_d60,1000,1000,60,paralelo,4,8,556,37738.3
m1000_d60,1000,1000,60,paralelo,8,8,556,26162.2
m1000_d60,1000,1000,60,sequencial,0,9,556,50546.4
m1000_d60,1000,1000,60,paralelo,1,9,556,48827.3
m1000_d60,1000,1000,60,paralelo,2,9,556,25309.7
m1000_d60,1000,1000,60,paralelo,4,9,556,29038.0
m1000_d60,1000,1000,60,paralelo,8,9,556,26864.7
m1000_d60,1000,1000,60,sequencial,0,10,556,50797.3
m1000_d60,1000,1000,60,paralelo,1,10,556,50975.8
m1000_d60,1000,1000,60,paralelo,2,10,556,27545.9
m1000_d60,1000,1000,60,paralelo,4,10,556,29718.5
m1000_d60,1000,1000,60,paralelo,8,10,556,25854.0
m2000_d30,2000,2000,30,sequencial,0,1,188623,79703.6
m2000_d30,2000,2000,30,paralelo,1,1,188623,104027.3
m2000_d30,2000,2000,30,paralelo,2,1,188623,43765.5
m2000_d30,2000,2000,30,paralelo,4,1,188623,48877.8
m2000_d30,2000,2000,30,paralelo,8,1,188623,44153.1
m2000_d30,2000,2000,30,sequencial,0,2,188623,79989.8
m2000_d30,2000,2000,30,paralelo,1,2,188623,80868.9
m2000_d30,2000,2000,30,paralelo,2,2,188623,41170.5
m2000_d30,2000,2000,30,paralelo,4,2,188623,43121.9
m2000_d30,2000,2000,30,paralelo,8,2,188623,41497.6
m2000_d30,2000,2000,30,sequencial,0,3,188623,78504.4
m2000_d30,2000,2000,30,paralelo,1,3,188623,81105.1
m2000_d30,2000,2000,30,paralelo,2,3,188623,47095.3
m2000_d30,2000,2000,30,paralelo,4,3,188623,43268.9
m2000_d30,2000,2000,30,paralelo,8,3,188623,47030.8
m2000_d30,2000,2000,30,sequencial,0,4,188623,77438.3
m2000_d30,2000,2000,30,paralelo,1,4,188623,84293.4
m2000_d30,2000,2000,30,paralelo,2,4,188623,40822.8
m2000_d30,2000,2000,30,paralelo,4,4,188623,42253.7
m2000_d30,2000,2000,30,paralelo,8,4,188623,43351.8
m2000_d30,2000,2000,30,sequencial,0,5,188623,78592.5
m2000_d30,2000,2000,30,paralelo,1,5,188623,81039.8
m2000_d30,2000,2000,30,paralelo,2,5,188623,52662.0
m2000_d30,2000,2000,30,paralelo,4,5,188623,43280.8
m2000_d30,2000,2000,30,paralelo,8,5,188623,49466.7
m2000_d30,2000,2000,30,sequencial,0,6,188623,77681.6
m2000_d30,2000,2000,30,paralelo,1,6,188623,78971.9
m2000_d30,2000,2000,30,paralelo,2,6,188623,47716.0
m2000_d30,2000,2000,30,paralelo,4,6,188623,53178.7
m2000_d30,2000,2000,30,paralelo,8,6,188623,44319.5
m2000_d30,2000,2000,30,sequencial,0,7,188623,81947.8
m2000_d30,2000,2000,30,paralelo,1,7,188623,81193.7
m2000_d30,2000,2000,30,paralelo,2,7,188623,41507.2
m2000_d30,2000,2000,30,paralelo,4,7,188623,45774.1
m2000_d30,2000,2000,30,paralelo,8,7,188623,44168.2
m2000_d30,2000,2000,30,sequencial,0,8,188623,79171.4
m2000_d30,2000,2000,30,paralelo,1,8,188623,79672.7
m2000_d30,2000,2000,30,paralelo,2,8,188623,43496.6
m2000_d30,2000,2000,30,paralelo,4,8,188623,43582.3
m2000_d30,2000,2000,30,paralelo,8,8,188623,49321.3
m2000_d30,2000,2000,30,sequencial,0,9,188623,78441.9
m2000_d30,2000,2000,30,paralelo,1,9,188623,80043.4
m2000_d30,2000,2000,30,paralelo,2,9,188623,53364.5
m2000_d30,2000,2000,30,paralelo,4,9,188623,44824.8
m2000_d30,2000,2000,30,paralelo,8,9,188623,42965.4
m2000_d30,2000,2000,30,sequencial,0,10,188623,89183.4
m2000_d30,2000,2000,30,paralelo,1,10,188623,80584.5
m2000_d30,2000,2000,30,paralelo,2,10,188623,44705.1
m2000_d30,2000,2000,30,paralelo,4,10,188623,46346.4
m2000_d30,2000,2000,30,paralelo,8,10,188623,42829.6
m2000_d60,2000,2000,60,sequencial,0,1,2208,197665.0
m2000_d60,2000,2000,60,paralelo,1,1,2208,194517.7
m2000_d60,2000,2000,60,paralelo,2,1,2208,100874.5
m2000_d60,2000,2000,60,paralelo,4,1,2208,102356.6
m2000_d60,2000,2000,60,paralelo,8,1,2208,103648.6
m2000_d60,2000,2000,60,sequencial,0,2,2208,203438.6
m2000_d60,2000,2000,60,paralelo,1,2,2208,196671.4
m2000_d60,2000,2000,60,paralelo,2,2,2208,107432.8
m2000_d60,2000,2000,60,paralelo,4,2,2208,101396.3
m2000_d60,2000,2000,60,paralelo,8,2,2208,104312.3
m2000_d60,2000,2000,60,sequencial,0,3,2208,205291.8
m2000_d60,2000,2000,60,paralelo,1,3,2208,200336.3
m2000_d60,2000,2000,60,paralelo,2,3,2208,104614.6
m2000_d60,2000,2000,60,paralelo,4,3,2208,104812.9
m2000_d60,2000,2000,60,paralelo,8,3,2208,108553.3
m2000_d60,2000,2000,60,sequencial,0,4,2208,196592.4
m2000_d60,2000,2000,60,paralelo,1,4,2208,196713.2
m2000_d60,2000,2000,60,paralelo,2,4,2208,107259.9
m2000_d60,2000,2000,60,paralelo,4,4,2208,109738.4
m2000_d60,2000,2000,60,paralelo,8,4,2208,103801.4
m2000_d60,2000,2000,60,sequencial,0,5,2208,206470.4
m2000_d60,2000,2000,60,paralelo,1,5,2208,218517.9
m2000_d60,2000,2000,60,paralelo,2,5,2208,107636.3
m2000_d60,2000,2000,60,paralelo,4,5,2208,104646.4
m2000_d60,2000,2000,60,paralelo,8,5,2208,103368.7
m2000_d60,2000,2000,60,sequencial,0,6,2208,202448.3
m2000_d60,2000,2000,60,paralelo,1,6,2208,199030.4
m2000_d60,2000,2000,60,paralelo,2,6,2208,108229.5
m2000_d60,2000,2000,60,paralelo,4,6,2208,102059.9
m2000_d60,2000,2000,60,paralelo,8,6,2208,99338.0
m2000_d60,2000,2000,60,sequencial,0,7,2208,196075.7
m2000_d60,2000,2000,60,paralelo,1,7,2208,197142.0
m2000_d60,2000,2000,60,paralelo,2,7,2208,100089.0
m2000_d60,2000,2000,60,paralelo,4,7,2208,103928.2
m2000_d60,2000,2000,60,paralelo,8,7,2208,100007.1
m2000_d60,2000,2000,60,sequencial,0,8,2208,199204.0
m2000_d60,2000,2000,60,paralelo,1,8,2208,197288.7
m2000_d60,2000,2000,60,paralelo,2,8,2208,99340.4
m2000_d60,2000,2000,60,paralelo,4,8,2208,101544.5
m2000_d60,2000,2000,60,paralelo,8,8,2208,104002.9
m2000_d60,2000,2000,60,sequencial,0,9,2208,204496.4
m2000_d60,2000,2000,60,paralelo,1,9,2208,200100.8
m2000_d60,2000,2000,60,paralelo,2,9,2208,101866.7
m2000_d60,2000,2000,60,paralelo,4,9,2208,110368.3
m2000_d60,2000,2000,60,paralelo,8,9,2208,104871.9
m2000_d60,2000,2000,60,sequencial,0,10,2208,212550.2
m2000_d60,2000,2000,60,paralelo,1,10,2208,240180.3
m2000_d60,2000,2000,60,paralelo,2,10,2208,110995.5
m2000_d60,2000,2000,60,paralelo,4,10,2208,106071.1
m2000_d60,2000,2000,60,paralelo,8,10,2208,105116.2
m4000_d30,4000,4000,30,sequencial,0,1,755211,327584.6
m4000_d30,4000,4000,30,paralelo,1,1,755211,330521.5
m4000_d30,4000,4000,30,paralelo,2,1,755211,192593.1
m4000_d30,4000,4000,30,paralelo,4,1,755211,184969.7
m4000_d30,4000,4000,30,paralelo,8,1,755211,205890.7
m4000_d30,4000,4000,30,sequencial,0,2,755211,328603.6
m4000_d30,4000,4000,30,paralelo,1,2,755211,329113.7
m4000_d30,4000,4000,30,paralelo,2,2,755211,184728.5
m4000_d30,4000,4000,30,paralelo,4,2,755211,185378.6
m4000_d30,4000,4000,30,paralelo,8,2,755211,177609.5
m4000_d30,4000,4000,30,sequencial,0,3,755211,320510.9
m4000_d30,4000,4000,30,paralelo,1,3,755211,326102.6
m4000_d30,4000,4000,30,paralelo,2,3,755211,185405.0
m4000_d30,4000,4000,30,paralelo,4,3,755211,177092.0
m4000_d30,4000,4000,30,paralelo,8,3,755211,182046.6
m4000_d30,4000,4000,30,sequencial,0,4,755211,321692.0
m4000_d30,4000,4000,30,paralelo,1,4,755211,341512.0
m4000_d30,4000,4000,30,paralelo,2,4,755211,182751.6
m4000_d30,4000,4000,30,paralelo,4,4,755211,182457.4
m4000_d30,4000,4000,30,paralelo,8,4,755211,177077.8
m4000_d30,4000,4000,30,sequencial,0,5,755211,319706.8
m4000_d30,4000,4000,30,paralelo,1,5,755211,335902.2
m4000_d30,4000,4000,30,paralelo,2,5,755211,203436.0
m4000_d30,4000,4000,30,paralelo,4,5,755211,178772.2
m4000_d30,4000,4000,30,paralelo,8,5,755211,182048.8
m4000_d30,4000,4000,30,sequencial,0,6,755211,331376.1
m4000_d30,4000,4000,30,paralelo,1,6,755211,337826.6
m4000_d30,4000,4000,30,paralelo,2,6,755211,175242.6
m4000_d30,4000,4000,30,paralelo,4,6,755211,185578.8
m4000_d30,4000,4000,30,paralelo,8,6,755211,179351.3
m4000_d30,4000,4000,30,sequencial,0,7,755211,323707.5
m4000_d30,4000,4000,30,paralelo,1,7,755211,335674.4
m4000_d30,4000,4000,30,paralelo,2,7,755211,174632.6
m4000_d30,4000,4000,30,paralelo,4,7,755211,175460.7
m4000_d30,4000,4000,30,paralelo,8,7,755211,175712.8
m4000_d30,4000,4000,30,sequencial,0,8,755211,318959.8
m4000_d30,4000,4000,30,paralelo,1,8,755211,335057.9
m4000_d30,4000,4000,30,paralelo,2,8,755211,184055.6
m4000_d30,4000,4000,30,paralelo,4,8,755211,189124.9
m4000_d30,4000,4000,30,paralelo,8,8,755211,178617.3
m4000_d30,4000,4000,30,sequencial,0,9,755211,319819.6
m4000_d30,4000,4000,30,paralelo,1,9,755211,333178.9
m4000_d30,4000,4000,30,paralelo,2,9,755211,173109.7
m4000_d30,4000,4000,30,paralelo,4,9,755211,174248.5
m4000_d30,4000,4000,30,paralelo,8,9,755211,195561.7
m4000_d30,4000,4000,30,sequencial,0,10,755211,320843.5
m4000_d30,4000,4000,30,paralelo,1,10,755211,324169.5
m4000_d30,4000,4000,30,paralelo,2,10,755211,181402.5
m4000_d30,4000,4000,30,paralelo,4,10,755211,180282.8
m4000_d30,4000,4000,30,paralelo,8,10,755211,180895.7
m4000_d60,4000,4000,60,sequencial,0,1,8597,796089.4
m4000_d60,4000,4000,60,paralelo,1,1,8597,804711.8
m4000_d60,4000,4000,60,paralelo,2,1,8597,403308.2
m4000_d60,4000,4000,60,paralelo,4,1,8597,412299.2
m4000_d60,4000,4000,60,paralelo,8,1,8597,422965.4
m4000_d60,4000,4000,60,sequencial,0,2,8597,786099.0
m4000_d60,4000,4000,60,paralelo,1,2,8597,827207.4
m4000_d60,4000,4000,60,paralelo,2,2,8597,413237.6
m4000_d60,4000,4000,60,paralelo,4,2,8597,424646.7
m4000_d60,4000,4000,60,paralelo,8,2,8597,406576.5
m4000_d60,4000,4000,60,sequencial,0,3,8597,810519.7
m4000_d60,4000,4000,60,paralelo,1,3,8597,814668.3
m4000_d60,4000,4000,60,paralelo,2,3,8597,416774.5
m4000_d60,4000,4000,60,paralelo,4,3,8597,449282.5
m4000_d60,4000,4000,60,paralelo,8,3,8597,423072.8
m4000_d60,4000,4000,60,sequencial,0,4,8597,814405.4
m4000_d60,4000,4000,60,paralelo,1,4,8597,822790.8
m4000_d60,4000,4000,60,paralelo,2,4,8597,450922.9
m4000_d60,4000,4000,60,paralelo,4,4,8597,445325.6
m4000_d60,4000,4000,60,paralelo,8,4,8597,417535.3
m4000_d60,4000,4000,60,sequencial,0,5,8597,784612.4
m4000_d60,4000,4000,60,paralelo,1,5,8597,833921.2
m4000_d60,4000,4000,60,paralelo,2,5,8597,424926.6
m4000_d60,4000,4000,60,paralelo,4,5,8597,425513.1
m4000_d60,4000,4000,60,paralelo,8,5,8597,431625.0
m4000_d60,4000,4000,60,sequencial,0,6,8597,788355.4
m4000_d60,4000,4000,60,paralelo,1,6,8597,803379.1
m4000_d60,4000,4000,60,paralelo,2,6,8597,421783.0
m4000_d60,4000,4000,60,paralelo,4,6,8597,418521.9
m4000_d60,4000,4000,60,paralelo,8,6,8597,418999.6
m4000_d60,4000,4000,60,sequencial,0,7,8597,826704.6
m4000_d60,4000,4000,60,paralelo,1,7,8597,804180.3
m4000_d60,4000,4000,60,paralelo,2,7,8597,413569.3
m4000_d60,4000,4000,60,paralelo,4,7,8597,410625.7
m4000_d60,4000,4000,60,paralelo,8,7,8597,436039.4
m4000_d60,4000,4000,60,sequencial,0,8,8597,847181.8
m4000_d60,4000,4000,60,paralelo,1,8,8597,853118.4
m4000_d60,4000,4000,60,paralelo,2,8,8597,522803.7
m4000_d60,4000,4000,60,paralelo,4,8,8597,427618.7
m4000_d60,4000,4000,60,paralelo,8,8,8597,424442.1
m4000_d60,4000,4000,60,sequencial,0,9,8597,819313.8
m4000_d60,4000,4000,60,paralelo,1,9,8597,810514.9
m4000_d60,4000,4000,60,paralelo,2,9,8597,474360.2
m4000_d60,4000,4000,60,paralelo,4,9,8597,441945.1
m4000_d60,4000,4000,60,paralelo,8,9,8597,417058.2
m4000_d60,4000,4000,60,sequencial,0,10,8597,793087.8
m4000_d60,4000,4000,60,paralelo,1,10,8597,798037.5
m4000_d60,4000,4000,60,paralelo,2,10,8597,406425.5
m4000_d60,4000,4000,60,paralelo,4,10,8597,418092.8
m4000_d60,4000,4000,60,paralelo,8,10,8597,411162.3
m8000_d30,8000,8000,30,sequencial,0,1,3014869,1344951.2
m8000_d30,8000,8000,30,paralelo,1,1,3014869,1391904.2
m8000_d30,8000,8000,30,paralelo,2,1,3014869,790141.3
m8000_d30,8000,8000,30,paralelo,4,1,3014869,784701.2
m8000_d30,8000,8000,30,paralelo,8,1,3014869,799974.1
m8000_d30,8000,8000,30,sequencial,0,2,3014869,1303519.6
m8000_d30,8000,8000,30,paralelo,1,2,3014869,1454324.9
m8000_d30,8000,8000,30,paralelo,2,2,3014869,826430.7
m8000_d30,8000,8000,30,paralelo,4,2,3014869,815110.3
m8000_d30,8000,8000,30,paralelo,8,2,3014869,815700.8
m8000_d30,8000,8000,30,sequencial,0,3,3014869,1324633.0
m8000_d30,8000,8000,30,paralelo,1,3,3014869,1337653.3
m8000_d30,8000,8000,30,paralelo,2,3,3014869,802076.9
m8000_d30,8000,8000,30,paralelo,4,3,3014869,844505.2
m8000_d30,8000,8000,30,paralelo,8,3,3014869,824955.6
m8000_d30,8000,8000,30,sequencial,0,4,3014869,1361311.5
m8000_d30,8000,8000,30,paralelo,1,4,3014869,1356880.0
m8000_d30,8000,8000,30,paralelo,2,4,3014869,796515.8
m8000_d30,8000,8000,30,paralelo,4,4,3014869,897658.4
m8000_d30,8000,8000,30,paralelo,8,4,3014869,801185.4
m8000_d30,8000,8000,30,sequencial,0,5,3014869,1322807.2
m8000_d30,8000,8000,30,paralelo,1,5,3014869,1454849.9
m8000_d30,8000,8000,30,paralelo,2,5,3014869,853020.1
m8000_d30,8000,8000,30,paralelo,4,5,3014869,810743.9
m8000_d30,8000,8000,30,paralelo,8,5,3014869,833703.7
m8000_d30,8000,8000,30,sequencial,0,6,3014869,1320230.1
m8000_d30,8000,8000,30,paralelo,1,6,3014869,1377149.6
m8000_d30,8000,8000,30,paralelo,2,6,3014869,817492.2
m8000_d30,8000,8000,30,paralelo,4,6,3014869,828875.6
m8000_d30,8000,8000,30,paralelo,8,6,3014869,832092.3
m8000_d30,8000,8000,30,sequencial,0,7,3014869,1330205.2
m8000_d30,8000,8000,30,paralelo,1,7,3014869,1351630.5
m8000_d30,8000,8000,30,paralelo,2,7,3014869,795484.8
m8000_d30,8000,8000,30,paralelo,4,7,3014869,823541.6
m8000_d30,8000,8000,30,paralelo,8,7,3014869,817668.3
m8000_d30,8000,8000,30,sequencial,0,8,3014869,1328068.6
m8000_d30,8000,8000,30,paralelo,1,8,3014869,1338006.2
m8000_d30,8000,8000,30,paralelo,2,8,3014869,799043.6
m8000_d30,8000,8000,30,paralelo,4,8,3014869,799699.6
m8000_d30,8000,8000,30,paralelo,8,8,3014869,819025.2
m8000_d30,8000,8000,30,sequencial,0,9,3014869,1349471.8
m8000_d30,8000,8000,30,paralelo,1,9,3014869,1349353.1
m8000_d30,8000,8000,30,paralelo,2,9,3014869,844992.2
m8000_d30,8000,8000,30,paralelo,4,9,3014869,817516.5
m8000_d30,8000,8000,30,paralelo,8,9,3014869,794033.4
m8000_d30,8000,8000,30,sequencial,0,10,3014869,1296547.3
m8000_d30,8000,8000,30,paralelo,1,10,3014869,1328601.0
m8000_d30,8000,8000,30,paralelo,2,10,3014869,793184.3
m8000_d30,8000,8000,30,paralelo,4,10,3014869,816325.8
m8000_d30,8000,8000,30,paralelo,8,10,3014869,865728.8
m8000_d60,8000,8000,60,sequencial,0,1,34179,3186660.5
m8000_d60,8000,8000,60,paralelo,1,1,34179,3201944.7
m8000_d60,8000,8000,60,paralelo,2,1,34179,1840516.2
m8000_d60,8000,8000,60,paralelo,4,1,34179,1769437.1
m8000_d60,8000,8000,60,paralelo,8,1,34179,1785387.4
m8000_d60,8000,8000,60,sequencial,0,2,34179,3283707.8
m8000_d60,8000,8000,60,paralelo,1,2,34179,3243471.9
m8000_d60,8000,8000,60,paralelo,2,2,34179,1793797.6
m8000_d60,8000,8000,60,paralelo,4,2,34179,1821405.2
m8000_d60,8000,8000,60,paralelo,8,2,34179,1823552.8
m8000_d60,8000,8000,60,sequencial,0,3,34179,3196711.2
m8000_d60,8000,8000,60,paralelo,1,3,34179,3446404.6
m8000_d60,8000,8000,60,paralelo,2,3,34179,1762882.9
m8000_d60,8000,8000,60,paralelo,4,3,34179,1785315.6
m8000_d60,8000,8000,60,paralelo,8,3,34179,1857560.4
m8000_d60,8000,8000,60,sequencial,0,4,34179,3221720.7
m8000_d60,8000,8000,60,paralelo,1,4,34179,3202093.5
m8000_d60,8000,8000,60,paralelo,2,4,34179,1737174.7
m8000_d60,8000,8000,60,paralelo,4,4,34179,1784541.6
m8000_d60,8000,8000,60,paralelo,8,4,34179,1879534.4
m8000_d60,8000,8000,60,sequencial,0,5,34179,3240998.1
m8000_d60,8000,8000,60,paralelo,1,5,34179,3222224.1
m8000_d60,8000,8000,60,paralelo,2,5,34179,1718064.5
m8000_d60,8000,8000,60,paralelo,4,5,34179,1744852.2
m8000_d60,8000,8000,60,paralelo,8,5,34179,1733272.1
m8000_d60,8000,8000,60,sequencial,0,6,34179,3239858.7
m8000_d60,8000,8000,60,paralelo,1,6,34179,3236102.7
m8000_d60,8000,8000,60,paralelo,2,6,34179,1742018.4
m8000_d60,8000,8000,60,paralelo,4,6,34179,1772238.7
m8000_d60,8000,8000,60,paralelo,8,6,34179,1800910.7
m8000_d60,8000,8000,60,sequencial,0,7,34179,3240016.9
m8000_d60,8000,8000,60,paralelo,1,7,34179,3164676.2
m8000_d60,8000,8000,60,paralelo,2,7,34179,1752178.5
m8000_d60,8000,8000,60,paralelo,4,7,34179,1781460.2
m8000_d60,8000,8000,60,paralelo,8,7,34179,1833702.5
m8000_d60,8000,8000,60,sequencial,0,8,34179,3255098.5
m8000_d60,8000,8000,60,paralelo,1,8,34179,3223941.8
m8000_d60,8000,8000,60,paralelo,2,8,34179,1759469.0
m8000_d60,8000,8000,60,paralelo,4,8,34179,1807858.2
m8000_d60,8000,8000,60,paralelo,8,8,34179,1741484.4
m8000_d60,8000,8000,60,sequencial,0,9,34179,3268809.6
m8000_d60,8000,8000,60,paralelo,1,9,34179,3208399.8
m8000_d60,8000,8000,60,paralelo,2,9,34179,1821979.6
m8000_d60,8000,8000,60,paralelo,4,9,34179,1734517.5
m8000_d60,8000,8000,60,paralelo,8,9,34179,1788469.0
m8000_d60,8000,8000,60,sequencial,0,10,34179,3240145.5
m8000_d60,8000,8000,60,paralelo,1,10,34179,3228728.9
m8000_d60,8000,8000,60,paralelo,2,10,34179,1698810.4
m8000_d60,8000,8000,60,paralelo,4,10,34179,1753875.2
m8000_d60,8000,8000,60,paralelo,8,10,34179,1743933.6
